# Test CSV — Required: clientName, startAt. clientEmail dedupes.
title,clientName,clientEmail,startAt,endAt,eventType,status,locationAddress,amountTotal,amountDeposit,currency,notes
Maria & Juan Wedding,Maria Santos,maria.santos@example.com,2026-06-01T10:00:00+08:00,2026-06-01T18:00:00+08:00,wedding,booked,Makati City,50000,20000,PHP,Ceremony at 10am. Reception to follow.
Maria Santos Engagement Shoot,Maria Santos,maria.santos@example.com,2026-06-15T09:00:00+08:00,2026-06-15T12:00:00+08:00,engagement,booked,BGC Taguig,15000,8000,PHP,Second booking — same client deduped by email.
Carlo Reyes Portrait,Carlo Reyes,,2026-06-05T14:00:00+08:00,,portrait,inquiry,,,,,No deposit — inquiry only. No email so a new client will be created.
Anna & Pedro Anniversary,"Anna Dela Cruz, Pedro Cruz",anna.pedro@example.com,2026-06-20T16:00:00+08:00,2026-06-20T20:00:00+08:00,anniversary,booked,Quezon City,12000,5000,PHP,"Note contains a comma, so the field is quoted."
Sunrise Venue Coverage,Lena Villanueva,lena.villanueva@example.com,2026-06-10T06:00:00+08:00,2026-06-12T20:00:00+08:00,other,booked,Tagaytay City,80000,40000,PHP,Multi-day event spanning three calendar days.
Chen Family Portrait,Wei Chen,wei.chen@example.com,2026-06-08T10:00:00+08:00,2026-06-08T13:00:00+08:00,portrait,completed,Pasig City,8000,8000,PHP,Full payment received — completed session.
,Missing Name Client,missing@example.com,2026-06-25T10:00:00+08:00,,other,inquiry,,,,,This row should FAIL — title is missing.
Bad Date Row,Roberto Tan,roberto.tan@example.com,25-06-2026,,corporate,inquiry,,,,,This row should FAIL — date format is not ISO 8601.
